,gid,uid,nutrition_subgroup,food_type,description,weight,unit,ingredients,project_name,rgbd_file_names,nutrition_facts_sources,quality,quality_comments,merged,started,finished,qa,texture_sources,textured,start
1,3,b016d3fa-2d24-4d2e-8631-e70bb525636c,stawberries,strawberry,"the smallest strawberry we could find, yellow lamp lighting used for capture, white light turned off",10.0,g,,Project09152023161150,"['3_strawberry_0_0', '3_strawberry_0_1']",,2.0,"Slight discoloration, one of the petals not correctly aligned",,,,"[{'done': True, 'rgbd_files_present': True, 'model_quality_acceptable': True, 'rgbd_quality_acceptable': True, 'ingredients_acceptable': True, 'comments': 'RGBD files: no unique-frame markers, distance to object a little bit too large, which might impact resolution\nof the object itself\nModel quality: minor misalignments on the leaves but acceptable in quality\n', 'model_merge_required': False, 'model_texture_required': True, 'accepted': True}]",,,
4,11,b82ec78b-6853-42f6-9549-456c65241a43,poultry,chicken nugget,3 pieces with different shapes,45.0,g,,Project09242023171543,"['11_chickennugget_0_0', '11_chickennugget_0_1']",['IMG_3969'],2.0,"merging was difficult because of similar top and bottom of chicken nugget. 1 nugget merged succesfully, the other 2 had bottom holes that were filled with the software.",True,17:10:43,17:27:34,"[{'done': True, 'rgbd_files_present': False, 'model_quality_acceptable': False, 'rgbd_quality_acceptable': True, 'ingredients_acceptable': True, 'comments': 'RGBD files: missing\nModel quality: 3 nuggets in one capture? This is wrong.\nI cannot even trust the weight assessment of this, because\nI can bet the 3 nuggets were measured together.\nThis is a full-reject, downright.\n', 'model_merge_required': True, 'model_texture_required': True, 'accepted': False, 'unsalvageable': True}]",,,
5,37,008cbe60-bdb5-4bc4-a5c0-2f4fafef791d,meats,pork ribs,"Half rack pork back ribs maple bacon, cold - whole rack",331.0,g,[],Project11262023131536,"['37_porkribs_1_0', '37_porkribs_1_1']","['IMG_7129', 'IMG_7130']",2.0,"good scan, merged very well",True,13:20:16,13:51:55,"[{'done': True, 'rgbd_files_present': True, 'model_quality_acceptable': True, 'rgbd_quality_acceptable': True, 'ingredients_acceptable': True, 'comments': 'RGBD files: very good\nModel quality:  very good\n', 'model_merge_required': False, 'model_texture_required': True, 'accepted': True}]","['IMG_7122', 'IMG_7123', 'IMG_7125', 'IMG_7126', 'IMG_7127', 'IMG_7128']",False,
6,34,4bde60e0-db4c-4150-9cd8-58c835dd0c10,poultry,chicken breast,skin on chicken breast detached from roasted whole chicken,168.0,g,,Project10232023160951,"['34_chickenbreast_2_0', '34_chickenbreast_2_1']",['IMG_6874'],2.0,"texture and shape captured well, need to merge on meshlab",False,16:18:30,16:47:12,"[{'done': True, 'rgbd_files_present': True, 'model_quality_acceptable': True, 'rgbd_quality_acceptable': True, 'ingredients_acceptable': True, 'comments': 'RGBD files: very good\nModel quality:  requires merging\n', 'model_merge_required': True, 'model_texture_required': True, 'accepted': False}]",,,
7,38,ea46368c-3808-49a2-b9ee-12222cf8c468,cakes and pies,pies,A quarter of Compliments apple pie with no artificial flavours,187.0,g,[],Project10282023174134,"['38_applepie_0_0', '38_applepie_0_1']","['IMG_6900', 'IMG_6901', 'IMG_6902']",2.0,Overall good quality scan - can clearly see apples inside but couldn't merge,False,17:06:57,18:09:17,"[{'done': True, 'rgbd_files_present': True, 'model_quality_acceptable': True, 'rgbd_quality_acceptable': True, 'ingredients_acceptable': True, 'comments': 'RGBD files: very good\nModel quality:  requires merging\n', 'model_merge_required': True, 'model_texture_required': True, 'accepted': False}]",,,
12,52,9bbace69-1cb4-486d-90b8-23de6edb83d3,tortilla and corn chips,tortilla and corn chips,pile of organic gluten free salted stone ground tortilla chips,22.0,g,[],Project11192023151834,['52_tortillacornchips_0'],['IMG_7087'],2.0,couldn't scan the bottom view but scanned the texture well,False,15:02:33,15:43:33,"[{'done': True, 'rgbd_files_present': True, 'model_quality_acceptable': True, 'rgbd_quality_acceptable': True, 'ingredients_acceptable': True, 'comments': 'RGBD files: very good\nModel quality:  requires merging\n', 'model_merge_required': True, 'model_texture_required': True, 'accepted': False}]","['IMG_7088', 'IMG_7089', 'IMG_7090', 'IMG_7091', 'IMG_7092']",True,
13,22,412944e9-6f46-4f16-98f5-cd2dd157405f,broccoli,broccoli,whole bunch of raw broccoli,251.0,g,,Project10082023152626,"['22_broccoli_2_0', '22_broccoli_2_1']",['IMG_4041'],3.0,great merge. Some spottiness texture. Some holes were left unfilled (as the broccoli is porous and the holes make sense).,,14:26:48,15:40:06,"[{'done': True, 'rgbd_files_present': True, 'model_quality_acceptable': True, 'rgbd_quality_acceptable': True, 'ingredients_acceptable': True, 'comments': 'RGBD files: very good\nModel quality: very good\n', 'model_merge_required': False, 'model_texture_required': True, 'accepted': True}]",,,
15,56,77431646-01bc-4105-9c26-930adf935331,meat mixed dishes,meatloaf,slice of meatloaf,89.0,g,[],Project11262023161908,"['56_meatloaf_1_0', '56_meatloaf_1_1']","['IMG_7163', 'IMG_7164']",3.0,incredible scan,True,16:18:01,16:29:12,"[{'done': True, 'rgbd_files_present': True, 'model_quality_acceptable': True, 'rgbd_quality_acceptable': True, 'ingredients_acceptable': True, 'comments': 'RGBD files: very good\nModel quality:  very good\n', 'model_merge_required': False, 'model_texture_required': True, 'accepted': True}]","['IMG_7171', 'IMG_7172', 'IMG_7173', 'IMG_7174', 'IMG_7175', 'IMG_7176']",False,
16,33,5184850f-5fde-448c-9fa0-9cf06d61c4ee,poultry,chicken wing,detached chicken wing from roasted chicken,32.0,g,,Project10232023170124,"['33_chickenwing_2_0', '33_chickenwing_2_1']",['IMG_6874'],2.0,"texture and shape captured well, need to merge on meshlab",False,16:57:55,17:08:33,"[{'done': True, 'rgbd_files_present': True, 'model_quality_acceptable': False, 'rgbd_quality_acceptable': True, 'ingredients_acceptable': True, 'requires_nutritional_facts_imputation': True, 'comments': 'RGBD files: ok\nModel quality: Merge required\n', 'model_merge_required': True, 'model_texture_required': True, 'accepted': False}]",,,
17,55,f0aa3a66-7b90-4e00-9a5c-ae1e8b5b185f,fried rice and lo/chow mein,fried rice,vegetable fried rice,73.0,g,[],Project11262023153635,['55_friedrice_1_0'],"['IMG_7159', 'IMG_7160']",2.0,"decent scan, hole filling is alright",True,15:29:00,15:44:12,"[{'done': True, 'rgbd_files_present': False, 'model_quality_acceptable': True, 'rgbd_quality_acceptable': True, 'ingredients_acceptable': True, 'comments': 'RGBD files: missing\nModel quality:  very good\n', 'model_merge_required': False, 'model_texture_required': True, 'accepted': False}]",['IMG_7162'],False,
18,24,bd4964f4-a5c6-4c5a-942c-a9b619c7ab5b,other vegetables and combinations,avocado,whole round green unripe avocado with green sticker,210.0,g,,Project10082023173343,"['24_avocado_0_0', '24_avocado_0_1']",['IMG_4043'],3.0,"great merge using sticker. Complete avocado, but with different colour patches.",,17:38:02,18:04:32,"[{'done': True, 'rgbd_files_present': True, 'model_quality_acceptable': True, 'rgbd_quality_acceptable': True, 'ingredients_acceptable': True, 'comments': 'RGBD files: very good\nModel quality:  very good\n', 'model_merge_required': False, 'model_texture_required': True, 'accepted': True}]",,,
21,31,8fde2475-c772-4854-922e-c455a2e28a0e,poultry,whole chicken,"grain-fed, raised without antibiotics whole roasted chicken, hot ",1204.0,g,,Project10222023153242,"['31_chicken_1_0', '31_chicken_1_1', '31_chicken_1_2', '31_chicken_1_3']",['IMG_6835'],3.0,"good chicken, but had to fill some holes on surface (alignment problems, only could use 2 scans)",,15:01:30,16:02:18,"[{'done': True, 'rgbd_files_present': True, 'model_quality_acceptable': True, 'rgbd_quality_acceptable': True, 'ingredients_acceptable': True, 'comments': 'RGBD files: very good\nModel quality:  very good\n', 'model_merge_required': False, 'model_texture_required': True, 'accepted': True}]",,,
24,44,3a9d0eb7-8606-4f27-916d-eaba98691e17,yeast breads,yeast bread,"whole loaf of italian-style crispy yeast bread, oblong in shape",466.0,g,[],Project11052023153759,"['44_yeastbread_0_0', '44_yeastbread_0_1']",['IMG_6926'],2.0,"good scans but had shadows due to lighting, which resulted in discolouration in merge.",,14:15:45,15:56:05,"[{'done': True, 'rgbd_files_present': True, 'model_quality_acceptable': True, 'rgbd_quality_acceptable': True, 'ingredients_acceptable': True, 'comments': 'RGBD files: very good\nModel quality:  very good\n', 'model_merge_required': False, 'model_texture_required': True, 'accepted': True}]",,,
25,44,d567d010-f72b-44c9-a75d-766e6cbfb633,yeast breads,yeast bread,"whole loaf of italian-style crispy yeast bread, oblong in shape",454.0,g,[],Project11052023155508,"['44_yeastbread_1_0', '44_yeastbread_1_1']",['IMG_6926'],3.0,"great scans and merge was unproblematic, some discolorations.",,14:31:32,16:18:08,"[{'done': True, 'rgbd_files_present': True, 'model_quality_acceptable': True, 'rgbd_quality_acceptable': True, 'ingredients_acceptable': True, 'comments': 'RGBD files: very good\nModel quality:  very good\n', 'model_merge_required': False, 'model_texture_required': True, 'accepted': True}]",,,
27,31,dd9336fd-5304-4e96-ab58-4dd251925dbc,poultry,whole chicken,BBQ seasoned whole oven roasted chicken from sobeys (cold),1004.0,g,,Project10222023151121,"['31_chicken_0_0', '31_chicken_0_1', '31_chicken_0_2', '31_chicken_0_3']",['IMG_6834'],3.0,very representative chicken with few colour problems. Holes in the back part of chicken (where legs intersect) left unfilled,,14:41:25,15:28:53,"[{'done': True, 'rgbd_files_present': True, 'model_quality_acceptable': True, 'rgbd_quality_acceptable': True, 'ingredients_acceptable': True, 'comments': 'RGBD files: very good\nModel quality:  very good\n', 'model_merge_required': False, 'model_texture_required': True, 'accepted': True}]",,,
28,73,258258be-c6e9-46eb-8cc3-d1f63f4a00a5,meats,bacon,a single strip of smoked bacon,7.0,g,[],Project02102024172459,"['73_bacon_0_0', '73_bacon_0_1']",['IMG_7374'],2.0,"Capture was surprisingly tough, tracking was not possible until
dark-object scanning mode was used. This resulted in more artefacts
captured around the edges of the item which have been removed as much
as possible. Automatic merge failed.
Texture of high quality, so skipping the capture of texture sources
because I've spent way too much time on this item already.
",False,16:48:38,17:40:15,,[],False,
30,24,2ac1cacd-2c1a-4597-8667-92ecfa210c16,other vegetables and combinations,avocado,whole round ripe avocado with a sticker,199.0,g,,Project10082023181015,"['24_avocado_1_0', '24_avocado_1_1']",['IMG_4044'],3.0,"common discoloration on the texture, no mesh artefacts",,17:38:56,18:17:58,"[{'done': True, 'rgbd_files_present': True, 'model_quality_acceptable': True, 'rgbd_quality_acceptable': True, 'ingredients_acceptable': True, 'comments': 'RGBD files: very good\nModel quality:  very good\n', 'model_merge_required': False, 'model_texture_required': True, 'accepted': True}]",,,
31,55,5f85955e-a3b7-413b-abb3-3becce9e9e4f,fried rice and lo/chow mein,fried rice,vegetable fried rice,73.0,g,[],Project11262023152258,['55_friedrice_0_0'],"['IMG_7159', 'IMG_7160']",3.0,"only scanned top because of nature of sample, hole filled at bottom of single scan",True,15:19:48,15:28:00,"[{'done': True, 'rgbd_files_present': True, 'model_quality_acceptable': True, 'rgbd_quality_acceptable': True, 'ingredients_acceptable': True, 'comments': 'RGBD files: very good\nModel quality:  very good\n', 'model_merge_required': False, 'model_texture_required': True, 'accepted': True}]",['IMG_7161'],False,
32,33,ce9d3796-bc1c-4b84-bd60-2c6f53c990d3,poultry,chicken wing,detached chicken wing from roasted chicken,28.0,g,,Project10232023170951,"['33_chickenwing_3_0', '33_chickenwing_3_1']",['IMG_6874'],2.0,"texture and shape captured well, need to merge on meshlab",False,16:58:31,17:18:54,"[{'done': True, 'rgbd_files_present': True, 'model_quality_acceptable': False, 'rgbd_quality_acceptable': True, 'ingredients_acceptable': True, 'requires_nutritional_facts_imputation': True, 'comments': 'RGBD files: ok\nModel quality: Merge required\n', 'model_merge_required': True, 'model_texture_required': True, 'accepted': False}]",,,
33,6,d7a896e3-1c75-47a1-bd3e-730f378f6240,cookies and brownies,brownie,very tasty,101.0,g,,Project09172023160310,"['6_brownie_2_0', '6_brownie_2_1']",,3.0,very high quality,,16:00:54,16:10:19,"[{'done': True, 'rgbd_files_present': True, 'model_quality_acceptable': True, 'rgbd_quality_acceptable': False, 'ingredients_acceptable': True, 'comments': 'RGBD files: unacceptable, only 2-3 sides are represented on the video capture.\nBrownie captures are also without the unique-frame markers.\nModel quality: great\n', 'model_merge_required': False, 'model_texture_required': True, 'accepted': False}]",,,
34,56,2a59d3a9-2da1-4e24-b8eb-62aa30d206dc,meat mixed dishes,meatloaf,slice of meatloaf,105.0,g,[],Project11262023161145,"['56_meatloaf_0_0', '56_meatloaf_0_1']","['IMG_7163', 'IMG_7164']",3.0,incredible scan,True,16:05:23,16:19:40,"[{'done': True, 'rgbd_files_present': True, 'model_quality_acceptable': True, 'rgbd_quality_acceptable': True, 'ingredients_acceptable': True, 'comments': 'RGBD files: very good\nModel quality:  very good\n', 'model_merge_required': False, 'model_texture_required': True, 'accepted': True}]","['IMG_7165', 'IMG_7166', 'IMG_7167', 'IMG_7168', 'IMG_7169', 'IMG_7170']",False,
37,14,115576af-2ff8-4515-8421-d3d93d6c8888,pancakes waffles french toast,waffle,small waffle quarter,18.0,g,,Project10022023172708,"['14_waffle_4_0', '14_waffle_4_1']",['IMG_4008'],2.0,"Toothpick + triangle-square markers needed
for capture to merge. Automatic feature-based merge failed even with the markers.
Marker-based merge succeeded, albeit with many artifacts. Misalignment,
holes which have been filled. Overall the model is workable, 14_waffle_3 was much
better however.
",,17:25:01,17:41:32,"[{'done': True, 'rgbd_files_present': True, 'model_quality_acceptable': True, 'rgbd_quality_acceptable': True, 'ingredients_acceptable': True, 'comments': 'RGBD files: very good\nModel quality: poor, but passable. The texturing is a bit off.\n', 'model_merge_required': False, 'model_texture_required': True, 'accepted': True}]",,,
38,22,360ed839-ce30-4fa0-a070-802c5da2f136,broccoli,broccoli,small piece of broccoli cut off main bunch,17.0,g,,Project10082023155222,"['22_broccoli_3_0', '22_broccoli_3_1']",['IMG_4041'],3.0,representative besides some colouring. Some holes left unfilled. Merging was easy.,,15:45:30,16:01:57,"[{'done': True, 'rgbd_files_present': True, 'model_quality_acceptable': True, 'rgbd_quality_acceptable': True, 'ingredients_acceptable': True, 'comments': 'RGBD files: very good\nModel quality: very good\n', 'model_merge_required': False, 'model_texture_required': True, 'accepted': True}]",,,
39,10,248e9623-7eae-4689-846c-e7a11930441b,tomatoes (slice),tomato slice,a single tomato slice placed directly on black table cover (no plate or bowl),12.0,g,,Project09242023163211,"['10_tomato_2_0', '10_tomato_2_1']",['IMG_3966'],2.0,"both sides of slice was difficult to merge (used markers to manually mark features), so result is not a perfect slice.",,15:14:12,16:56:30,"[{'done': True, 'rgbd_files_present': False, 'model_quality_acceptable': True, 'rgbd_quality_acceptable': True, 'ingredients_acceptable': True, 'comments': 'RGBD files: missing\nModel quality: borderline pass, the texture is quite bad\nbut one can make out that this is indeed a slice of a tomato.\nCould be a good candidate for retexturing\n', 'model_merge_required': False, 'model_texture_required': True, 'accepted': False}]",,,
40,52,9bbace69-1cb4-486d-90b8-23de6edb83d3,tortilla and corn chips,tortilla and corn chips,single organic gluten free salted stone ground tortilla chip,3.0,g,[],Project11192023154526,"['52_tortillacornchips_1_0', '52_tortillacornchips_1_1']",['IMG_7087'],2.0,"texturing function works very well and creates a very accurate image, but couldn't merge properly",False,15:04:33,15:55:42,"[{'done': True, 'rgbd_files_present': True, 'model_quality_acceptable': True, 'rgbd_quality_acceptable': True, 'ingredients_acceptable': True, 'comments': 'RGBD files: very good\nModel quality:  requires merging\n', 'model_merge_required': True, 'model_texture_required': True, 'accepted': False}]","['IMG_7093', 'IMG_7094', 'IMG_7095', 'IMG_7096', 'IMG_7097', 'IMG_7098']",True,
41,34,f3b629f3-bf42-4ca4-b1e0-67bce5605b3b,poultry,chicken breast,skin on chicken breast detached from roasted whole chicken,185.0,g,,Project10232023164505,"['34_chickenbreast_3_0', '34_chickenbreast_3_1']",['IMG_6874'],2.0,"texture captured well, a bit of skin sticking out, need to merge on meshlab",False,16:28:42,16:56:15,"[{'done': True, 'rgbd_files_present': True, 'model_quality_acceptable': True, 'rgbd_quality_acceptable': True, 'ingredients_acceptable': True, 'comments': 'RGBD files: very good\nModel quality:  requires merging\n', 'model_merge_required': True, 'model_texture_required': True, 'accepted': False}]",,,
42,38,b6a6b136-7e43-41ea-8943-e875a92aa3d4,cakes and pies,pies,A quarter of Compliments apple pie with no artificial flavours,138.0,g,[],Project10282023181409,"['38_applepie_1_0', '38_applepie_1_1']","['IMG_6900', 'IMG_6901', 'IMG_6902']",2.0,"the piece disintegrated and couldn't merge, but got a realistic image",False,17:53:43,18:26:13,"[{'done': True, 'rgbd_files_present': True, 'model_quality_acceptable': True, 'rgbd_quality_acceptable': True, 'ingredients_acceptable': True, 'comments': 'RGBD files: very good\nModel quality:  requires merging\n', 'model_merge_required': True, 'model_texture_required': True, 'accepted': False}]",,,
45,37,9f637e1d-f29b-4b96-ad92-265e3e7304ed,meats,pork ribs,"Half rack pork back ribs maple bacon, cold",328.0,g,[],Project10282023165204,"['37_porkribs_0_0', '37_porkribs_0_1']","['IMG_6894', 'IMG_6895']",3.0,had troubles with merge so used marker based merge,,16:07:10,17:57:27,"[{'done': True, 'rgbd_files_present': True, 'model_quality_acceptable': True, 'rgbd_quality_acceptable': True, 'ingredients_acceptable': True, 'comments': 'RGBD files: very good\nModel quality:  very good\n', 'model_merge_required': False, 'model_texture_required': True, 'accepted': True}]",,,
47,58,4acea0aa-cd53-45af-96bb-5aed1c8bebe2,string beans,green beans,single green bean,0.5,g,[],Project11272023165530,"['58_greenbeans_2_0', '58_greenbeans_2_1']","['IMG_7210', 'IMG_7211']",2.0,"overall good scan but couldn't merge, and texturing wasn't similar to the actual texture",False,16:44:49,17:18:16,"[{'done': True, 'rgbd_files_present': True, 'model_quality_acceptable': True, 'rgbd_quality_acceptable': True, 'ingredients_acceptable': True, 'comments': 'RGBD files: very good\nModel quality:  very good\n', 'model_merge_required': False, 'model_texture_required': True, 'accepted': True}]","['IMG_7222', 'IMG_7223', 'IMG_7224', 'IMG_7225', 'IMG_7226', 'IMG_7227']",False,
48,3,ad67c043-a6f6-491b-b26c-964b840aa05c,stawberries,strawberry,"yellow lamp lighting used for capture, white light turned off",26.0,g,,Project09152023164349,"['3_strawberry_1_1', '3_strawberry_1_0']",,3.0,petals are wonky LOL,,,,"[{'done': True, 'rgbd_files_present': True, 'model_quality_acceptable': True, 'rgbd_quality_acceptable': True, 'ingredients_acceptable': True, 'comments': 'RGBD files: no unique-frame markers\n', 'model_merge_required': False, 'model_texture_required': True, 'accepted': True}]",,,
51,23,9a133e3e-36fe-434b-8cd4-7182d89f8075,corn,corn (cob),whole cob of corn completely peeled.,291.0,g,,Project10082023172453,"['23_corn_2_0', '23_corn_2_1']",['IMG_4042'],3.0,great 2 raw scans and merge (on first try). Still some colours discrepancy from 2 merges.,,16:17:37,17:34:29,"[{'done': True, 'rgbd_files_present': True, 'model_quality_acceptable': True, 'rgbd_quality_acceptable': True, 'ingredients_acceptable': True, 'comments': 'RGBD files: very good\nModel quality: very good\nIngredients list: \n', 'model_merge_required': True, 'model_texture_required': True, 'accepted': True}]",,,
52,57,490abe96-a862-471d-b226-0bc1df55e75e,plant-based protein foods,beans (bowl),lump of baked beans,13.0,g,[],Project11272023154136,['57_bakedbeans_1'],"['IMG_7207', 'IMG_7208', 'IMG_7209']",3.0,"one scan with texture, came out very well.",True,15:34:47,15:46:13,"[{'done': True, 'rgbd_files_present': True, 'model_quality_acceptable': True, 'rgbd_quality_acceptable': True, 'ingredients_acceptable': True, 'comments': 'RGBD files: very good\nModel quality:  very good\n', 'model_merge_required': False, 'model_texture_required': True, 'accepted': True}]","['IMG_7196', 'IMG_7197', 'IMG_7198', 'IMG_7199', 'IMG_7200']",True,
53,39,2af130e1-450e-4a90-99a0-0355ab43ccda,macaroni and cheese,macaroni and cheese,store-bought mac and cheese (single noodle),1.0,g,[],Project10282023191626,"['39_macandcheese_2_0', '39_macandcheese_2_1']",['IMG_6903'],3.0,"successful merge, noodle representative of a typical mac-and-cheese noodle",,19:15:50,19:29:10,"[{'done': True, 'rgbd_files_present': True, 'model_quality_acceptable': True, 'rgbd_quality_acceptable': True, 'ingredients_acceptable': True, 'comments': 'RGBD files: very good\nModel quality:  very good\n', 'model_merge_required': False, 'model_texture_required': True, 'accepted': True}]",,,
54,50,517dff85-c147-45ef-8b11-66b6d22ed5a1,ice cream and frozen dairy desserts,ice cream,Compliments Vanilla Ice Cream,131.0,g,"['cream, sugars, mono- and diglycerides, etc']",Project11192023142217,['50_icecream_3'],"['IMG_7079', 'IMG_7080']",3.0,"slightly melted ice cream scan but great detail, texture.",,13:52:24,14:32:42,"[{'done': True, 'rgbd_files_present': True, 'model_quality_acceptable': True, 'rgbd_quality_acceptable': True, 'ingredients_acceptable': True, 'comments': 'RGBD files: very good\nModel quality:  very good, missing bottom but we cannot\nrotate melting ice-cream\n', 'model_merge_required': False, 'model_texture_required': True, 'accepted': True}]","['IMG_7074', 'IMG_7075', 'IMG_7076', 'IMG_7077', 'IMG_7078']",,
55,9,06a87bc0-ffe3-43a7-b0e8-c422859721c9,tomatoes (whole),tomatoes (whole),,332.0,g,,Project09242023151551,"['9_tomato_2_0', '9_tomato_2_1']",['IMG_3967'],1.0,Couldn't get the side scan. Merge couldn't detect overlapping area.,,14:01:17,16:08:23,"[{'done': True, 'rgbd_files_present': False, 'model_quality_acceptable': False, 'rgbd_quality_acceptable': True, 'ingredients_acceptable': True, 'comments': 'RGBD files: not present, perhaps got lost in sync??\nModel quality: abhorrant. The tomato is halved and the bottom has been filled\nin as a hole. It might be a mis-export from RevoScan.\n', 'model_merge_required': True, 'model_texture_required': True, 'accepted': False}]",,,
58,0,b91807a2-0cb3-4b05-bded-f2760e6cda5c,apple,apple,"Eaten, no RGBD files available for this one",234.0,g,,0_apple_0,[],,,,,,,"[{'done': True, 'rgbd_files_present': False, 'model_quality_acceptable': True, 'rgbd_quality_acceptable': False, 'ingredients_acceptable': True, 'comments': 'RGBD files: not present\nModel quality: \nIngredients list: \n\n', 'model_merge_required': True, 'model_texture_required': True, 'accepted': False}, {'done': True, 'rgbd_files_present': False, 'model_quality_acceptable': True, 'rgbd_quality_acceptable': False, 'ingredients_acceptable': True, 'requires_nutritional_facts_imputation': True, 'comments': 'RGBD files: not present\nModel quality: \nIngredients list: \n', 'model_merge_required': True, 'model_texture_required': True, 'accepted': False}]",,,
59,7,f0530e18-ffb0-4b1f-947b-c8e03ca0b2d5,bagels and english muffins,bagel,,74.0,g,,Project09172023163234,"['7_bagel_1_0', '7_bagel_1_1']",,3.0,some shadows in the area around the cut between the two bagels,,16:32:56,16:41:25,"[{'done': True, 'rgbd_files_present': True, 'model_quality_acceptable': True, 'rgbd_quality_acceptable': False, 'ingredients_acceptable': True, 'comments': ""RGBD files: the captures are too short and do not represent\nenough of the object especially on the sides. This one is not acceptable.\nIt's a shame, because the 3D model looks great.\nModel quality: great.\n"", 'model_merge_required': False, 'model_texture_required': True, 'accepted': False}]",,,
60,2,b21b8e6b-fa94-4949-b312-8b2b0e28a213,bananas,banana,,167.0,g,,Project09152023160201,"['2_banana_3_0', '2_banana_3_1']",,3.0,,,,,"[{'done': True, 'rgbd_files_present': True, 'model_quality_acceptable': True, 'rgbd_quality_acceptable': True, 'ingredients_acceptable': True, 'comments': 'RGBD files: no unique-frame markers\nModel quality: minor shadow captured near the tail-end of the banana, might require editing\n', 'model_merge_required': False, 'model_texture_required': True, 'accepted': True}]",,,
63,25,487accfe-4fad-4fec-80dd-ebcf304d206c,egg rolls dumplings sushi,sushi,"california roll with cucumber, crab meat, red caviar, avocado, rice, seaweed",29.0,g,,Project10162023154302,"['25_sushi_0_0', '25_sushi_0_1']",,2.0,low precision in image quality,,15:23:54,16:18:38,"[{'done': True, 'rgbd_files_present': False, 'model_quality_acceptable': False, 'rgbd_quality_acceptable': True, 'ingredients_acceptable': False, 'comments': 'RGBD files: mislabeled, the captures with this name seem to correspond\nto sushi_6\nModel quality: pretty bad, low resolution, hard to make out the ingredients of the\nsushi roll\nIngredients list: not captured and should have been measured separately\n', 'model_merge_required': False, 'model_texture_required': True, 'accepted': False}]",,,
64,1,81a72626-6da1-4f42-81bf-b8d2634ba0d5,biscuits muffins quick breads,biscuit,,42.0,g,,Project09152023144532,"['2023-09-15--17-45-15', '2023-09-15--17-44-55']",,3.0,,,,,"[{'done': True, 'rgbd_files_present': True, 'model_quality_acceptable': True, 'rgbd_quality_acceptable': True, 'ingredients_acceptable': True, 'comments': 'RGBD files: no unique-frame marker\n', 'model_merge_required': False, 'model_texture_required': True, 'accepted': True}]",,,
65,27,d4fef155-a90f-4e4e-928e-04817066ee7a,shellfish,shrimp,,8.0,g,,Project10202023223557,"['28_shrimp_1_0', '28_shrimp_1_1']",['IMG_6823'],3.0,need to merge on meshlab,False,18:32:07,18:44:35,"[{'done': True, 'rgbd_files_present': True, 'model_quality_acceptable': False, 'rgbd_quality_acceptable': True, 'ingredients_acceptable': True, 'comments': 'RGBD files: ok\nModel quality: requires merging\n', 'model_merge_required': True, 'model_texture_required': True, 'accepted': False}]",,,
66,32,c958e87d-a722-4cf4-83ec-424a79e29175,poultry,chicken thigh,chicken thigh with legs attached + skin,181.0,g,,Project10232023174533,"['32_chickenthigh_3_0', '32_chickenthigh_3_1']",['IMG_6874'],3.0,"one-click editing, texture much better. need to merge on meshlab",False,17:23:58,17:54:26,"[{'done': True, 'rgbd_files_present': True, 'model_quality_acceptable': False, 'rgbd_quality_acceptable': True, 'ingredients_acceptable': True, 'requires_nutritional_facts_imputation': True, 'comments': 'RGBD files: ok\nModel quality: Merge required\n', 'model_merge_required': True, 'model_texture_required': True, 'accepted': False}]",,,
69,5,8df53c28-b2d7-4cad-a484-a4859fad1c45,cookies and brownies,cookie,oatmeal and raisin,43.0,g,,Project09172023151959,"['5_cookie_1_0', '5_cookie_1_1']",,3.0,Amazing quality as usual.,,15:19:52,15:31:31,"[{'done': True, 'rgbd_files_present': True, 'model_quality_acceptable': True, 'rgbd_quality_acceptable': True, 'ingredients_acceptable': True, 'comments': 'RGBD files: no unique-frame markers, some frames have the object not fully in view.\nModel quality: spectacular.\n', 'model_merge_required': False, 'model_texture_required': True, 'accepted': True}]",,,
71,22,1f0b568e-8dbf-4128-a2e9-1c00058b93d2,broccoli,broccoli,small bunch of broccoli cut from main bunch,9.0,g,,Project10082023160215,"['22_broccoli_4_0', '22_broccoli_4_1']",['IMG_4041'],3.0,"representative, easy merge, minimal isolation and some holes left unfilled as appropriate.",,15:46:13,16:10:06,"[{'done': True, 'rgbd_files_present': True, 'model_quality_acceptable': True, 'rgbd_quality_acceptable': True, 'ingredients_acceptable': True, 'comments': 'RGBD files: very good\nModel quality: very good\n', 'model_merge_required': False, 'model_texture_required': True, 'accepted': True}]",,,
72,14,099c3736-3852-424e-a335-443512aa31b2,pancakes waffles french toast,waffle,small waffle quarter,23.0,g,,Project10022023171525,"['14_waffle_3_0', '14_waffle_3_1']",['IMG_4008'],3.0,"Successful merge, holes not abundant",,17:14:21,17:24:10,"[{'done': True, 'rgbd_files_present': True, 'model_quality_acceptable': True, 'rgbd_quality_acceptable': True, 'ingredients_acceptable': True, 'comments': 'RGBD files: very good\nModel quality: very good\n', 'model_merge_required': False, 'model_texture_required': True, 'accepted': True}]",,,
74,45,8080d849-a2fb-4f58-b740-73dc60c17583,biscuits muffins quick breads,quick bread,slice of original pound cake,52.0,g,[],Project11052023170035,"['45_quickbread_2_0', '45_quickbread_2_1']",['IMG_6931'],3.0,"great looking slice, some minor discolorations",,15:28:07,17:12:31,"[{'done': True, 'rgbd_files_present': False, 'model_quality_acceptable': True, 'rgbd_quality_acceptable': True, 'ingredients_acceptable': True, 'requires_nutritional_facts_imputation': True, 'comments': 'RGBD files: missing `2_0`\nModel quality: ok\n', 'model_merge_required': True, 'model_texture_required': True, 'accepted': False}]",,,
76,46,c3a8dfa3-c757-463c-9111-bb117c1a9104,corn,corn,single piece of corn,0.1,g,[],Project11102023180856,"['46_corn_2_0', '46_corn_2_1']",['IMG_4128'],3.0,"good individual scans, unable to merge using revpoint",False,18:07:34,18:26:47,"[{'done': True, 'rgbd_files_present': True, 'model_quality_acceptable': True, 'rgbd_quality_acceptable': True, 'ingredients_acceptable': True, 'comments': 'RGBD files: very good\nModel quality:  requires merging\n', 'model_merge_required': True, 'model_texture_required': True, 'accepted': False}]","['IMG_4133', 'IMG_4134']",False,
79,46,1c8d0ab3-951e-4f29-a2bc-efdb68a00cda,corn,corn,bowl of corn,317.0,g,[],Project11102023182756,['46_corn_3_0'],['IMG_4128'],3.0,"good individual scans, unable to merge using revpoint",False,18:27:01,18:56:56,"[{'done': True, 'rgbd_files_present': True, 'model_quality_acceptable': True, 'rgbd_quality_acceptable': True, 'ingredients_acceptable': True, 'comments': 'RGBD files: very good\nModel quality:  very good\n', 'model_merge_required': False, 'model_texture_required': True, 'accepted': True}]","['IMG_4135', 'IMG_4136']",False,
80,29,6fc7ecc4-b0ea-49f2-84ab-5df5b0f009c0,frankfurter sandwiches,frankfurter sandwich,speckled hotdog bun and sausage with mustard,121.0,g,"[{'name': 'sausage', 'weight': 37}, {'name': 'bun', 'weight': 84}]",Project10212023174552,"['29_frankfurter_2_0', '29_frankfurter_2_1']","['IMG_6818', 'IMG_6819', 'IMG_6820', 'IMG_6822']",3.0,mostly good except some holes needed to be filled at the ends of the sausage. Also some discolourations.,,16:37:09,18:01:42,"[{'done': True, 'rgbd_files_present': True, 'model_quality_acceptable': True, 'rgbd_quality_acceptable': True, 'ingredients_acceptable': True, 'comments': 'RGBD files: very good\nModel quality:  very good\n', 'model_merge_required': False, 'model_texture_required': True, 'accepted': True}]",,,
81,45,47322436-c802-470c-ac2b-ba98d000ddc8,biscuits muffins quick breads,quick bread,slice of banana & pecan pound cake,67.0,g,[],Project11052023171205,"['45_quickbread_3_0', '45_quickbread_3_1']",['IMG_6932'],3.0,"great merge, pecans and patterns present",,15:30:57,17:29:26,"[{'done': True, 'rgbd_files_present': True, 'model_quality_acceptable': True, 'rgbd_quality_acceptable': True, 'ingredients_acceptable': True, 'comments': 'RGBD files: very good\nModel quality:  very good\n', 'model_merge_required': False, 'model_texture_required': True, 'accepted': True}]",,,
85,14,605d962f-1287-417c-a56a-52c4e141ca5b,pancakes waffles french toast,waffle,small waffle,72.0,g,,Project10012023134414,"['14_waffle_2_0_pc', '14_waffle_2_1_pc']",['IMG_4008'],2.0,Point cloud captures successful and of high quality but no ability to merge,False,13:38:51,14:09:07,"[{'done': True, 'rgbd_files_present': True, 'model_quality_acceptable': False, 'rgbd_quality_acceptable': True, 'ingredients_acceptable': True, 'comments': 'RGBD files: very good\nModel quality: the exported OBJ mesh has no color information. This\nhas been exported from Blender, so find the corresponding `.blend` project\nfile (or `_ml.obj` file) and export again with color information.\n', 'model_merge_required': False, 'model_texture_required': True, 'accepted': False}]",,,
86,5,71826141-d25d-4f48-8ae5-e584426a7358,cookies and brownies,cookie,chocolate chip,36.0,g,,Project09172023151219,"['5_cookie_0_0', '5_cookie_0_1']",,3.0,Amazing quality. No holes/isolations even!,,15:08:47,15:19:18,"[{'done': True, 'rgbd_files_present': True, 'model_quality_acceptable': True, 'rgbd_quality_acceptable': True, 'ingredients_acceptable': True, 'comments': 'RGBD files: no unique-feature markers, some frames have the object not in full view.\nNot entirely satisfied with the RGBD capture quality but should have enough\nframes for representing the object.\nModel quality: spectacular\n', 'model_merge_required': False, 'model_texture_required': True, 'accepted': True}]",,,
88,75,444eabc3-1fc9-4d17-b9d6-554b105b8b6b,nachos,nachos,single triangular nacho chip,1.0,g,[],Project02102024181220,"['75_nachos_0_0', '75_nachos_0_1']",['IMG_7377'],3.0,"Good capture quality with no artefacts. Automatic merge failed.
The texture is less crisp in comparison with a real nacho.
",False,18:11:39,18:29:29,,"['IMG_7378', 'IMG_7379']",False,
89,28,78166b55-2138-48ad-9f12-0da9a6e6dec4,shellfish,shrimp,,7.0,g,,Project10202023222046,"['28_shrimp_0_0', '28_shrimp_0_1']",['IMG_6823'],3.0,need to merge on meshlab,False,18:12:15,18:32:02,"[{'done': True, 'rgbd_files_present': True, 'model_quality_acceptable': True, 'rgbd_quality_acceptable': True, 'ingredients_acceptable': True, 'comments': 'RGBD files: very good\nModel quality:  very good, great manual merge by Connie!\n', 'model_merge_required': False, 'model_texture_required': True, 'accepted': True}]",,,
90,32,970f345a-e991-4c49-b90c-834892248691,poultry,chicken thigh,chicken thigh with legs attached + skin,183.0,g,,Project10232023173055,"['32_chickenthigh_2_0', '32_chickenthigh_2_1']",['IMG_6874'],3.0,"tried out one-click editing, texture much more beautiful. need to merge on meshlab",False,17:22:08,17:45:22,"[{'done': True, 'rgbd_files_present': True, 'model_quality_acceptable': False, 'rgbd_quality_acceptable': True, 'ingredients_acceptable': True, 'requires_nutritional_facts_imputation': True, 'comments': 'RGBD files: ok\nModel quality: Merge required\n', 'model_merge_required': True, 'model_texture_required': True, 'accepted': False}]",,,
93,1,6f7c8ed4-520a-414c-a5e3-078a0b636c1a,biscuits muffins quick breads,biscuit,,50.0,g,,Project09152023142344,"['2023-09-15--17-22-22', '2023-09-15--17-39-39']",,2.0,Minor remnants of a shadow near the bottom of the biscuit,,,,"[{'done': True, 'rgbd_files_present': True, 'model_quality_acceptable': True, 'rgbd_quality_acceptable': True, 'ingredients_acceptable': True, 'comments': 'RGBD files: no unique-frame marker\n', 'model_merge_required': False, 'model_texture_required': True, 'accepted': True}]",,,
96,2,3b0190c6-1f7f-4c0f-a98a-1aec059a299d,bananas,banana,,194.0,g,,Project09152023154756,"['2_banana_2_0', '2_banana_2_1']",,3.0,,,,,"[{'done': True, 'rgbd_files_present': True, 'model_quality_acceptable': True, 'rgbd_quality_acceptable': True, 'ingredients_acceptable': True, 'comments': 'RGBD files: no unique-frame marker\nModel quality: minor artefacts near the tail-end of the banana, might require editing\n', 'model_merge_required': False, 'model_texture_required': True, 'accepted': True}]",,,
97,7,656442d1-36d1-4b5e-9f0b-caba8029292f,bagels and english muffins,bagel,,75.0,g,,Project09172023162453,"['7_bagel_0_0', '7_bagel_0_1']",,3.0,some shadows in the area around the cut between the two bagels,,16:23:07,16:31:46,"[{'done': True, 'rgbd_files_present': True, 'model_quality_acceptable': True, 'rgbd_quality_acceptable': True, 'ingredients_acceptable': True, 'comments': ""RGBD files: borderline accept, one of the sides of the bagel\nwas not represented fully, it's less of an issue for a ring-shaped\nobject, it was a downright reject for the brownies though.\nModel quality: great.\n"", 'model_merge_required': False, 'model_texture_required': True, 'accepted': True}]",,,
98,0,0f8f2553-04f9-4c41-b106-6b6c360c6f4e,apple,apple,Granny Smith Apple (green apple),194.0,g,,0_apple_1,"['2023-09-13--19-49-15', '2023-09-13--19-49-37']",,,,,,,"[{'done': True, 'rgbd_files_present': False, 'model_quality_acceptable': True, 'rgbd_quality_acceptable': True, 'ingredients_acceptable': True, 'comments': 'RGBD files: 2nd file missing\nRGBD files: no unique-frame markers\n', 'model_merge_required': False, 'model_texture_required': True, 'accepted': False}]",,,
104,51,02524187-5fab-402f-ab06-85cb437c88b3,pasta mixed dishes,pasta,penne pomodoro on a white plate,321.0,g,"['penne pasta', 'cheese', 'meatballs', 'tomato sauce']",Project11192023143227,['51_pasta_0'],['IMG_7081'],3.0,very realistic scan with pretty good texture,True,14:38:34,15:14:20,"[{'done': True, 'rgbd_files_present': True, 'model_quality_acceptable': True, 'rgbd_quality_acceptable': True, 'ingredients_acceptable': True, 'comments': 'RGBD files: very good\nModel quality:  good, very porous and without the bottom\nbut it would be hard to turn the noodles on their underside in\na deterministic way to elicit a good merge\n', 'model_merge_required': False, 'model_texture_required': True, 'accepted': True}]","['IMG_7082', 'IMG_7083', 'IMG_7084', 'IMG_7085', 'IMG_7086']",True,
105,50,a93b8601-fb71-495a-ba77-c03a6e37ec73,ice cream and frozen dairy desserts,ice cream,Compliments Vanilla Ice Cream,97.0,g,"['cream, sugars, mono- and diglycerides, etc']",Project11192023141214,['50_icecream_2'],"['IMG_7079', 'IMG_7080']",3.0,"great texture, detail",,13:51:52,14:21:55,"[{'done': True, 'rgbd_files_present': True, 'model_quality_acceptable': True, 'rgbd_quality_acceptable': True, 'ingredients_acceptable': True, 'comments': 'RGBD files: very good\nModel quality:  very good, missing bottom but we cannot\nrotate melting ice-cream\n', 'model_merge_required': False, 'model_texture_required': True, 'accepted': True}]","['IMG_7069', 'IMG_7070', 'IMG_7071', 'IMG_7072', 'IMG_7073']",,
106,57,e8062be7-dea1-4394-96fb-fad4adf9717a,plant-based protein foods,beans (bowl),baked beans in a bowl,52.0,g,[],Project11272023151834,['57_bakedbeans_0'],"['IMG_7207', 'IMG_7208', 'IMG_7209']",3.0,"perfect, and textured too (just needed 1 scan)",True,15:27:59,15:40:29,"[{'done': True, 'rgbd_files_present': True, 'model_quality_acceptable': True, 'rgbd_quality_acceptable': True, 'ingredients_acceptable': True, 'comments': 'RGBD files: very good\nModel quality:  very good\n', 'model_merge_required': False, 'model_texture_required': True, 'accepted': True}]","['IMG_7191', 'IMG_7192', 'IMG_7193', 'IMG_7194', 'IMG_7195']",True,
107,44,e897b886-1238-4733-a940-e66c9c522a89,yeast breads,yeast bread,"one slice of italian-style crispy yeast bread, oblong in shape",32.0,g,[],Project11052023163726,"['44_yeastbread_4_0', '44_yeastbread_4_1']",['IMG_6926'],3.0,perfect slice!,,16:09:45,16:45:18,"[{'done': True, 'rgbd_files_present': True, 'model_quality_acceptable': True, 'rgbd_quality_acceptable': True, 'ingredients_acceptable': True, 'comments': 'RGBD files: very good\nModel quality:  very good\n', 'model_merge_required': False, 'model_texture_required': True, 'accepted': True}]",,,
108,2,10eea083-08b3-4c11-a6af-b0f4438a9e9d,bananas,banana,,196.0,g,,Project09152023153115,"['2_banana_1_0', '2_banana_1_1']",,3.0,,,,,"[{'done': True, 'rgbd_files_present': True, 'model_quality_acceptable': True, 'rgbd_quality_acceptable': True, 'ingredients_acceptable': True, 'comments': 'RGBD files: no unique-frame markers, capture might be insufficient for 3d reconstruction\ndue to the person performing the capture not having represented all sides of the object.\n', 'model_merge_required': False, 'model_texture_required': True, 'accepted': True}]",,,
111,4,5fa54b42-2631-4076-b43b-dece66f13e5b,carrots,carrot,baby carrots,13.0,g,,Project09172023112527,"['4_carrot_0_0', '4_carrot_0_0']",,1.0,"terrible quality, doesn't merge. need to try with toothpicks later",,,14:48:13,"[{'done': True, 'rgbd_files_present': True, 'model_quality_acceptable': False, 'rgbd_quality_acceptable': True, 'ingredients_acceptable': True, 'comments': 'Model quality: not merged, very sparse point cloud\n', 'model_merge_required': True, 'model_texture_required': True, 'accepted': False}]",,,14:24
113,0,fbcd0f00-7cfa-4506-a7f5-dd350ec22d54,apple,apple,Red apple,222.0,g,,0_apple_2,"['2023-09-13--19-50-11', '2023-09-13--19-49-55']",,,,,,,"[{'done': True, 'rgbd_files_present': True, 'model_quality_acceptable': True, 'rgbd_quality_acceptable': True, 'ingredients_acceptable': True, 'comments': 'RGBD files: no unique-frame markers\nModel quality: \n', 'model_merge_required': False, 'model_texture_required': True, 'accepted': True}]",,,
114,16,62301514-ca53-435f-90e5-2a7069dcdab8,plant-based protein foods,almond,a singular almond,2.0,g,[],Project02152024225224,"['16_almond_4_0', '16_almond_4_1']",['IMG_4334'],3.0,"Good capture quality, texture a bit too smooth. Revopoint didn't manage automatic merge",False,23:02:15,23:14:47,"[{'done': True, 'rgbd_files_present': True, 'model_quality_acceptable': True, 'rgbd_quality_acceptable': True, 'ingredients_acceptable': True, 'comments': 'RGBD files: very good\nModel quality:  very good\n', 'model_merge_required': False, 'model_texture_required': True, 'accepted': True}]","['IMG_4335', 'IMG_4336']",False,
118,9,aaa6d2f8-c14d-41c5-adef-71192973f45f,tomatoes (whole),tomatoes (whole),"ripe and smooth whole red tomato, grown in Michigan",301.0,g,,Project09242023135648,"['9_tomato_0_0', '9_tomato_0_1']",['IMG_3966'],2.0,Difficulty capturing the bottom. Think it confused the axes. Tried using toothpicks and lamp,,13:30:08,14:54:00,"[{'done': True, 'rgbd_files_present': True, 'model_quality_acceptable': False, 'rgbd_quality_acceptable': True, 'ingredients_acceptable': True, 'comments': 'RGBD files: present and well done, the new RGBD pipeline has been used for the tomatoes.\nModel quality: bungled merge, coarse surface features,\nnot representative of a tomato. This model does not look like a tomato.\n', 'model_merge_required': True, 'model_texture_required': True, 'accepted': False}]",,,
120,54,ca6859be-90c6-4488-825f-b182ebcfdc14,seafood mixed dishes,tuna salad,ground tuna salad,48.0,g,[],Project11262023144044,['54_tunasalad_0_0'],"['IMG_7144', 'IMG_7145']",2.0,"only scanned top because of nature of sample, hole filled at bottom of single scan",True,14:34:11,14:49:49,"[{'done': True, 'rgbd_files_present': True, 'model_quality_acceptable': True, 'rgbd_quality_acceptable': True, 'ingredients_acceptable': True, 'comments': 'RGBD files: very good\nModel quality:  very good\n', 'model_merge_required': False, 'model_texture_required': True, 'accepted': True}]","['IMG_7146', 'IMG_7147', 'IMG_7148', 'IMG_7149', 'IMG_7151']",False,
121,50,f1e75821-e41f-4159-9050-def0d981b648,ice cream and frozen dairy desserts,ice cream,Kawartha Death by Chocolate ice cream made with fresh milk and cream,101.0,g,"['fresh  milk, cream, sugars, chocolatey sauce, water, cocoa, modified corn starch, etc']",Project11192023134625,['50_icecream_1'],"['IMG_7055', 'IMG_7056', 'IMG_7057']",3.0,"some minor holes near plate were filled, otherwise great detail",,13:43:56,13:57:25,"[{'done': True, 'rgbd_files_present': True, 'model_quality_acceptable': True, 'rgbd_quality_acceptable': True, 'ingredients_acceptable': True, 'comments': 'RGBD files: very good\nModel quality:  very good, missing bottom but we cannot\nrotate melting ice-cream\n', 'model_merge_required': False, 'model_texture_required': True, 'accepted': True}]","['IMG_7064', 'IMG_7065', 'IMG_7066', 'IMG_7067']",,
122,39,6b6a89dc-4687-4c97-93bd-172c451c7eb9,macaroni and cheese,macaroni and cheese,a pile of noodles,16.0,g,[],Project10282023183012,['39_macandcheese_0'],['IMG_6903'],3.0,"good, realistic capture done without a plate - just took the top scan",,18:27:44,18:35:55,"[{'done': True, 'rgbd_files_present': True, 'model_quality_acceptable': True, 'rgbd_quality_acceptable': True, 'ingredients_acceptable': True, 'comments': 'RGBD files: very good\nModel quality:  very good, bottom missing but\nthat was intentional (we cannot turn over a pile of noodles\nwithout losing its integrity)\n', 'model_merge_required': False, 'model_texture_required': True, 'accepted': True}]",,,
123,23,e49384a5-5a5b-4c86-a62d-88f1a42eec1c,corn,corn (stick),whole stick of corn with half of skin on,316.0,g,,Project10082023162448,"['23_corn_0_0', '23_corn_0_1']",['IMG_4042'],2.0,"corn looks great on front and scanning was good. However, merging gave abnormal layering of skin and discolouring, as well as some artefacts on surface.",,16:13:43,17:00:48,"[{'done': True, 'rgbd_files_present': True, 'model_quality_acceptable': True, 'rgbd_quality_acceptable': True, 'ingredients_acceptable': True, 'comments': 'RGBD files: very good\nModel quality: very good, minor discolorations at the top\nIngredients list: \n', 'model_merge_required': True, 'model_texture_required': True, 'accepted': True}]",,,
125,46,be133275-d544-4f02-a984-fbcc91c6bff6,corn,corn,single piece of corn,0.1,g,[],Project11102023174324,"['46_corn_0_0', '46_corn_0_1']",['IMG_4128'],3.0,"good individual scans, unable to merge using revpoint",False,17:14:15,17:54:48,"[{'done': True, 'rgbd_files_present': True, 'model_quality_acceptable': True, 'rgbd_quality_acceptable': True, 'ingredients_acceptable': True, 'comments': 'RGBD files: very good\nModel quality:  requires merging\n', 'model_merge_required': True, 'model_texture_required': True, 'accepted': False}]","['IMG_4126', 'IMG_4127']",False,
127,29,0c0040a6-af1a-40f9-8238-ffc7920d4edf,frankfurter sandwiches,frankfurter sandwich,speckled hotdog bun and sausage with ketchup in squiggly line,122.0,g,"[{'name': 'sausage', 'weight': 39}, {'name': 'bun', 'weight': 83}]",Project10212023170945,"['29_frankfurter_1_0', '29_frankfurter_1_1']","['IMG_6818', 'IMG_6819', 'IMG_6820', 'IMG_6822']",3.0,great and get the sauce accurately. Some minor discolorations,,16:34:20,17:45:30,"[{'done': True, 'rgbd_files_present': True, 'model_quality_acceptable': True, 'rgbd_quality_acceptable': True, 'ingredients_acceptable': True, 'comments': 'RGBD files: very good\nModel quality:  very good\n', 'model_merge_required': False, 'model_texture_required': True, 'accepted': True}]",,,
131,32,d8128a58-5a36-4008-82dc-3201d5171d6f,poultry,chicken thigh,"chicken thigh with big and small leg attached, skin on",208.0,g,,Project10222023165105,"['32_chickenthigh_1_0', '32_chickenthigh_1_1']",['IMG_6834'],2.0,recognizable as chicken but the structure due to the merge is a bit confusing,,16:39:42,17:05:01,"[{'done': True, 'rgbd_files_present': True, 'model_quality_acceptable': False, 'rgbd_quality_acceptable': True, 'ingredients_acceptable': True, 'comments': 'RGBD files:\nModel quality: \nIngredients list: \n', 'model_merge_required': True, 'model_texture_required': True, 'accepted': False}]",,,
133,1,c1ad172c-65a9-4534-885a-7d82fc967604,biscuits muffins quick breads,biscuit,,43.0,g,,Project09152023145340,"['1_biscuit_3_0', '1_biscuit_3_1']",,3.0,,,,,"[{'done': True, 'rgbd_files_present': True, 'model_quality_acceptable': True, 'rgbd_quality_acceptable': True, 'ingredients_acceptable': True, 'comments': 'RGBD files: no unique-frame markers\n', 'model_merge_required': False, 'model_texture_required': True, 'accepted': True}]",,,
135,21,ab485965-5b57-413e-bdbc-666288dc1492,cakes and pies,cake,"The Cheesecake Factory (Classic Cheesecake Selection), Double Chocolate Cheesecake",121.0,g,,Project10062023194444,"['21_cake_1_0', '21_cake_1_1']",['IMG_4029'],3.0,"minor artefacts stemming from the shadow of a dark-object-capture, overall quality is still very good",,19:39:10,20:00:36,"[{'done': True, 'rgbd_files_present': True, 'model_quality_acceptable': True, 'rgbd_quality_acceptable': True, 'ingredients_acceptable': True, 'comments': 'RGBD files: very good\nModel quality: very good, bar the 1996 ""Tomb Raider"" quality of the texture\n', 'model_merge_required': False, 'model_texture_required': True, 'accepted': True}]",,,
138,18,ed01b8d6-17f1-48b0-8998-60205d5db715,Yogurt,raspberry yogurt,Astro Original Whole Milk Raspberry Yogurt,162.0,g,,Project10022023163052,"['18_yogurt_0_0', '18_yogurt_0_1']","['IMG_4011', 'IMG_4012']",2.0,"good complete scan, but lacks lumpy texture of yogurt.",,16:02:14,16:37:42,"[{'done': True, 'rgbd_files_present': True, 'model_quality_acceptable': True, 'rgbd_quality_acceptable': True, 'ingredients_acceptable': True, 'comments': 'RGBD files: very good\nModel quality: borderline accept, the bowl is not represented well\nbut I make the assumption here that we only care about the contents\nof the bowl.\n', 'model_merge_required': False, 'model_texture_required': True, 'accepted': True}]",,,
141,21,f3fb1f74-e71c-47b3-804d-2dd3013c33cf,cakes and pies,cake,"The Cheesecake Factory (Classic Cheesecake Selection), Vanilla Bean Cheesecake",134.0,g,,Project10062023192001,"['21_cake_0_0', '21_cake_0_1']",['IMG_4029'],3.0,tasty cake,,19:21:57,19:39:25,"[{'done': True, 'rgbd_files_present': True, 'model_quality_acceptable': True, 'rgbd_quality_acceptable': True, 'ingredients_acceptable': True, 'comments': 'RGBD files: very good\nModel quality: very good, bar the 1996 ""Tomb Raider"" quality of the texture\n', 'model_merge_required': False, 'model_texture_required': True, 'accepted': True}]",,,
142,1,7c5d66de-1ff1-4489-8dec-48dacacefa40,biscuits muffins quick breads,biscuit,chris ate it before we scanned it LOL,42.0,g,,,"['2023-09-15--17-49-25', '2023-09-15--17-49-08']",,3.0,,,,,"[{'done': True, 'rgbd_files_present': True, 'model_quality_acceptable': False, 'rgbd_quality_acceptable': True, 'ingredients_acceptable': True, 'comments': 'Model quality: missing model\n', 'model_merge_required': True, 'model_texture_required': True, 'accepted': False, 'unsalvageable': True}]",,,
146,32,6a32b8c7-b5e8-42dd-b22f-5aa8f470cfd7,poultry,chicken thigh,"chicken thigh with big and small leg attached, skin on",182.0,g,,Project10222023163841,"['32_chickenthigh_0_0', '32_chickenthigh_0_1']",['IMG_6834'],2.0,good on top side but too many holes and some alignment problem on bottom/sides,,16:03:41,16:52:15,"[{'done': True, 'rgbd_files_present': True, 'model_quality_acceptable': True, 'rgbd_quality_acceptable': True, 'ingredients_acceptable': True, 'comments': 'RGBD files: very good\nModel quality:  very good\n', 'model_merge_required': False, 'model_texture_required': True, 'accepted': True}]",,,
147,28,aabc3e5d-7f53-4f40-b64e-3622d35321f6,shellfish,shrimp,"slightly frozen cooked shrimp, unpeeled with tail shell on",6.0,g,,Project10212023180958,"['28_shrimp_2_0', '28_shrimp_2_1']",['IMG_6823'],3.0,"individual scan maintained colour, texture, but unable to merge together (some significant holes in each scan)",False,18:04:45,18:33:41,"[{'done': True, 'rgbd_files_present': True, 'model_quality_acceptable': False, 'rgbd_quality_acceptable': True, 'ingredients_acceptable': True, 'comments': 'RGBD files: ok\nModel quality: requires merging\n', 'model_merge_required': True, 'model_texture_required': True, 'accepted': False}]",,,
148,19,343a45ed-55bd-46b0-b75d-72f87c34c9de,guacamole,guacomole,organic Wholly Guacomole,54.0,g,,Project10022023164354,['19_guacamole_0_0'],"['IMG_4017', 'IMG_4018']",3.0,great scan of guacamole in small bowl,,16:37:39,16:57:42,"[{'done': True, 'rgbd_files_present': True, 'model_quality_acceptable': True, 'rgbd_quality_acceptable': True, 'ingredients_acceptable': True, 'comments': ""RGBD files: very good\nModel quality: good, the bowl hasn't been captured fully\nbut I assume we care only about the guacamole.\n"", 'model_merge_required': False, 'model_texture_required': True, 'accepted': True}]",,,
149,5,80519642-79a6-4898-bea0-b9c6d522a4d1,cookies and brownies,cookie,chocolate chip,42.0,g,,Project09172023153433,"['5_cookie_2_0', '5_cookie_2_1']",,3.0,"Amazing quality, one small black spot on the surface",,15:32:50,15:39:29,"[{'done': True, 'rgbd_files_present': True, 'model_quality_acceptable': True, 'rgbd_quality_acceptable': True, 'ingredients_acceptable': True, 'comments': 'RGBD files: no unique-feature markers\nModel quality: spectacular.\n', 'model_merge_required': False, 'model_texture_required': True, 'accepted': True}]",,,
153,29,78657344-737f-4c61-84bb-64151e87b775,frankfurter sandwiches,frankfurter sandwich,speckled hotdog bun and sausage with ketchup and mustard in vertical lines,112.0,g,"[{'name': 'sausage', 'weight': 36}, {'name': 'bun', 'weight': 76}]",Project10212023164445,"['29_frankfurter_0_0', '29_frankfurter_0_1']","['IMG_6818', 'IMG_6819', 'IMG_6820', 'IMG_6822']",3.0,great representative scan of hotdog and sauces: has some minor irregularities + uneven surface,,16:24:05,17:23:25,"[{'done': True, 'rgbd_files_present': True, 'model_quality_acceptable': True, 'rgbd_quality_acceptable': True, 'ingredients_acceptable': True, 'comments': 'RGBD files: very good\nModel quality:  very good\n', 'model_merge_required': False, 'model_texture_required': True, 'accepted': True}]",,,
154,74,f5828469-7799-417e-b255-343923f8dc18,apple,applesauce,applesauce portion in a bowl,138.0,g,[],Project02102024174424,['74_applesauce_0_0'],['IMG_7376'],3.0,"Good capture, captured only the top part of the bowl with the product inside.
Texturing impossible due to RevoScan freezing on texture generation.
",True,17:43:34,18:03:09,,['IMG_7375'],False,
155,46,2c9ca23d-d0b0-4cec-bd66-73a5371d6dc3,corn,corn,single piece of corn,0.1,g,[],Project11102023175702,"['46_corn_1_0', '46_corn_1_1']",['IMG_4128'],3.0,"good individual scans, unable to merge using revpoint",False,17:56:20,18:07:07,"[{'done': True, 'rgbd_files_present': True, 'model_quality_acceptable': True, 'rgbd_quality_acceptable': True, 'ingredients_acceptable': True, 'comments': 'RGBD files: very good\nModel quality:  requires merging\n', 'model_merge_required': True, 'model_texture_required': True, 'accepted': False}]","['IMG_4129', 'IMG_4130']",False,
157,57,0c27d71d-9f54-45a1-a1e1-39b916ec65c3,plant-based protein foods,beans (bowl),single baked bean,0.5455,g,[],Project11272023154654,"['57_bakedbeans_2_0', '57_bakedbeans_2_1']","['IMG_7207', 'IMG_7208', 'IMG_7209']",3.0,"looks more or less like a bean. Point cloud too small though, and texture is alright. Unable to merge 2 sides of bean.",False,15:42:08,16:19:03,"[{'done': True, 'rgbd_files_present': True, 'model_quality_acceptable': True, 'rgbd_quality_acceptable': True, 'ingredients_acceptable': True, 'comments': 'RGBD files: very good\nModel quality:  very good\n', 'model_merge_required': False, 'model_texture_required': True, 'accepted': True}]","['IMG_7201', 'IMG_7202', 'IMG_7203', 'IMG_7204', 'IMG_7205']",True,
158,23,e726f61c-94ef-46f4-ac89-2c82773e4061,corn,corn (stick),whole cob of corn with skin half on,341.0,g,,Project10082023170335,"['23_corn_1_0', '23_corn_1_1']",['IMG_4042'],3.0,"recognizable but colours are not always consistent, plus some lumps from merge.",,16:15:06,17:20:55,"[{'done': True, 'rgbd_files_present': True, 'model_quality_acceptable': True, 'rgbd_quality_acceptable': True, 'ingredients_acceptable': True, 'comments': 'RGBD files: very good\nModel quality: very good\nIngredients list: \n', 'model_merge_required': True, 'model_texture_required': True, 'accepted': True}]",,,
159,39,2b6cf430-af02-46f5-800a-49205c3deeb9,macaroni and cheese,macaroni and cheese,a single noodle,1.0,g,[],Project10282023183815,['39_macandcheese_1'],['IMG_6903'],2.0,one of the holes was plugged up and couldn't merge,False,18:37:23,18:54:30,"[{'done': True, 'rgbd_files_present': True, 'model_quality_acceptable': True, 'rgbd_quality_acceptable': True, 'ingredients_acceptable': True, 'comments': 'RGBD files: very good\nModel quality:  borderline accept, the merge was not ideal\n', 'model_merge_required': False, 'model_texture_required': True, 'accepted': True}]",,,
160,50,a4c870d3-917a-4d35-b146-898bb6831fd2,ice cream and frozen dairy desserts,ice cream,Kawartha Death by Chocolate ice cream made with fresh milk and cream,86.0,g,"['fresh  milk, cream, sugars, chocolatey sauce, water, cocoa, modified corn starch, etc']",Project11192023132317,['50_icecream_0'],"['IMG_7055', 'IMG_7056', 'IMG_7057']",3.0,great texture,,13:29:30,13:46:37,"[{'done': True, 'rgbd_files_present': True, 'model_quality_acceptable': True, 'rgbd_quality_acceptable': True, 'ingredients_acceptable': True, 'comments': 'RGBD files: very good\nModel quality:  very good, missing bottom but we cannot\nrotate melting ice-cream\n', 'model_merge_required': False, 'model_texture_required': True, 'accepted': True}]","['IMG_7058', 'IMG_7059', 'IMG_7061', 'IMG_7063']",,
161,68,cf8138a9-e8fa-49b9-8719-d3e1d3609fde,soups,soup,Tim Horton's chicken noodle soup,76.0,g,[],Project02042024173443,['68_soup_0_0'],['IMG_4280'],2.0,poor quality texture but looks like a soup...,False,17:32:44,17:44:04,,['IMG_4279'],True,
162,54,ca47c720-6db0-4823-9c7e-fdc95db08615,seafood mixed dishes,tuna salad,ground tuna salad,48.0,g,[],Project11262023144938,['54_tunasalad_1_0'],"['IMG_7144', 'IMG_7145']",3.0,"only scanned top because of nature of sample, hole filled at bottom of single scan",True,14:50:23,14:55:30,"[{'done': True, 'rgbd_files_present': True, 'model_quality_acceptable': True, 'rgbd_quality_acceptable': True, 'ingredients_acceptable': True, 'comments': 'RGBD files: very good\nModel quality:  very good\n', 'model_merge_required': False, 'model_texture_required': True, 'accepted': True}]","['IMG_7154', 'IMG_7155', 'IMG_7156', 'IMG_7157', 'IMG_7158']",False,
164,9,73e175dd-9497-418f-b70b-37e681adaf97,tomatoes (whole),tomatoes (whole),,315.0,g,,Project09242023145450,"['9_tomato_1_0', '9_tomato_1_1']",['IMG_3966'],2.0,Tried using the toothpicks and turned out better,,13:54:30,15:14:13,"[{'done': True, 'rgbd_files_present': False, 'model_quality_acceptable': False, 'rgbd_quality_acceptable': True, 'ingredients_acceptable': True, 'comments': ""RGBD files: missing from the dataset copy that I'm working with.\nCheck if they got missed in the sync.\nModel quality: quite bad, might be salvageable performing a manual merge\nbut the quality of the surface on the mesh is quite bad.\n"", 'model_merge_required': True, 'model_texture_required': True, 'accepted': False}]",,,
168,4,c2296aa8-f025-4a9f-ac41-2715fd1a46f1,carrots,carrot,regular carrot,129.0,g,,Project09172023114944,"['4_carrot_1_0', '4_carrot_1_1']",,1.0,"merge completed but unsuccessfully, bad shape. issue: carrot ends are facing the other way",,14:44:48,15:05:36,"[{'done': True, 'rgbd_files_present': True, 'model_quality_acceptable': False, 'rgbd_quality_acceptable': True, 'ingredients_acceptable': True, 'comments': 'Model quality: sparse, misaligned point-cloud, merge misaligned, not acceptable for the dataset\n', 'model_merge_required': False, 'model_texture_required': True, 'accepted': False}]",,,
170,0,ff7ab60e-ce02-4c61-b5c4-b951df2bf8c1,apple,apple,Red apple,186.0,g,,0_apple_3,"['2023-09-13--19-50-51', '2023-09-13--19-50-32']",,,,,,,"[{'done': True, 'rgbd_files_present': True, 'model_quality_acceptable': True, 'rgbd_quality_acceptable': True, 'ingredients_acceptable': True, 'comments': 'RGBD files: no unique-frame markers\n', 'model_merge_required': False, 'model_texture_required': True, 'accepted': True}]",,,
172,7,69b07b2e-33bf-44ce-a262-c88a32ce0106,bagels and english muffins,bagel,,84.0,g,,Project09172023164140,"['7_bagel_2_0', '7_bagel_2_1']",,3.0,some shadows in the area around the cut between the two bagels,,16:36:12,16:47:13,"[{'done': True, 'rgbd_files_present': True, 'model_quality_acceptable': True, 'rgbd_quality_acceptable': False, 'ingredients_acceptable': True, 'comments': 'RGBD files: the object is pretty much not visible from the sides in\nany of the frames. This is unacceptable.\nModel quality: great.\n', 'model_merge_required': False, 'model_texture_required': True, 'accepted': False}]",,,
173,2,76ed4baa-55f2-4b3a-a878-5fee1d35e528,bananas,banana,,160.0,g,,Project09152023151250,"['2_banana_0_0', '2_banana_0_1']",,1.0,Revopoint software unable to align point clouds at merge,,,,"[{'done': True, 'rgbd_files_present': True, 'model_quality_acceptable': False, 'rgbd_quality_acceptable': True, 'ingredients_acceptable': True, 'comments': 'Model quality: not acceptable, misaligned point clouds, no meshing done\n', 'model_merge_required': False, 'model_texture_required': True, 'accepted': False}]",,,
174,44,7c3c8909-17f2-4cf4-af7c-68bad7233539,yeast breads,yeast bread,"one slice of italian-style crispy yeast bread, oblong in shape",27.0,g,[],Project11052023164504,"['44_yeastbread_5_0', '44_yeastbread_5_1']",['IMG_6926'],3.0,"tracking lost at first, then switched to marker turntable and worked perfectly",,16:12:44,17:04:08,"[{'done': True, 'rgbd_files_present': True, 'model_quality_acceptable': True, 'rgbd_quality_acceptable': True, 'ingredients_acceptable': True, 'comments': 'RGBD files: very good\nModel quality:  very good\n', 'model_merge_required': False, 'model_texture_required': True, 'accepted': True}]",,,
175,22,08775968-b546-4c21-9018-366fd8323182,broccoli,broccoli,whole bunch of raw broccoli,285.0,g,,Project10082023144255,"['22_broccoli_0_0', '22_broccoli_0_1']",['IMG_4041'],3.0,"good representative scan of broccoli, but a lot of small holes that were filled",,14:14:05,14:59:01,"[{'done': True, 'rgbd_files_present': True, 'model_quality_acceptable': True, 'rgbd_quality_acceptable': True, 'ingredients_acceptable': True, 'comments': 'RGBD files: very good\nModel quality: very good\n', 'model_merge_required': False, 'model_texture_required': True, 'accepted': True}]",,,
177,52,ce928754-4263-46da-b2dd-cd3688556ebd,tortilla and corn chips,tortilla and corn chips,small pile of Fritos original corn chips,11.0,g,[],Project11192023155625,['52_tortillacornchips_2'],['IMG_7099'],2.0,couldn't scan the bottom of the pile of chips,False,15:28:52,16:08:09,"[{'done': True, 'rgbd_files_present': True, 'model_quality_acceptable': True, 'rgbd_quality_acceptable': True, 'ingredients_acceptable': True, 'comments': 'RGBD files: very good\nModel quality:  requires merging\n', 'model_merge_required': True, 'model_texture_required': True, 'accepted': False}]","['IMG_7100', 'IMG_7101', 'IMG_7102', 'IMG_7103', 'IMG_7104']",True,
179,10,730ce01f-ea0e-4021-8a73-b9f2bb8a1189,tomatoes (slice),tomato slice,single tomato slice on white plate,20.0,g,,Project09242023161702,"['10_tomato_1_0', '10_tomato_1_1']",['IMG_3966'],2.0,lack of detail in tomato slice + hard to remove artefacts.,,15:06:24,16:30:54,"[{'done': True, 'rgbd_files_present': False, 'model_quality_acceptable': False, 'rgbd_quality_acceptable': True, 'ingredients_acceptable': True, 'comments': 'RGBD files: missing\nModel quality: requires a hole at the bottom of the plate to be filled in\nbefore we let this through. The texture is horrible, one can hardly make out it\nis a slice of a tomato. Could be a prime candidate for re-texturing.\n', 'model_merge_required': False, 'model_texture_required': True, 'accepted': False}]",,,
180,34,ce625930-565c-46d1-9394-d033c6470bf9,poultry,chicken breast,skin on chicken breast detached from roasted whole chicken,170.0,g,,Project10222023170524,"['34_chickenbreast_0_0', '34_chickenbreast_0_1']",['IMG_6834'],3.0,"great chicken breast, few holes and isolation, good merge",,16:52:51,17:16:15,"[{'done': True, 'rgbd_files_present': True, 'model_quality_acceptable': True, 'rgbd_quality_acceptable': True, 'ingredients_acceptable': True, 'comments': 'RGBD files: very good\nModel quality:  very good\n', 'model_merge_required': False, 'model_texture_required': True, 'accepted': True}]",,,
181,37,894f68d8-150a-4b0b-b5e3-64d0016fbe34,meats,pork ribs,"Half rack pork back ribs maple bacon, cold - single rib",73.0,g,[],Project11262023141414,"['37_porkribs_3_0', '37_porkribs_3_1']","['IMG_7129', 'IMG_7130']",3.0,"great scan, merged very well",True,14:13:42,14:25:26,"[{'done': True, 'rgbd_files_present': True, 'model_quality_acceptable': True, 'rgbd_quality_acceptable': True, 'ingredients_acceptable': True, 'comments': 'RGBD files: very good\nModel quality:  very good\n', 'model_merge_required': False, 'model_texture_required': True, 'accepted': True}]","['IMG_7138', 'IMG_7139', 'IMG_7140', 'IMG_7141', 'IMG_7142', 'IMG_7143']",False,
186,3,edbeb541-95e4-4fc7-96e9-e7ad45f97f0a,strawberries,strawberry,"yellow lamp lighting used for capture, white light turned off",26.0,g,,Project09172023110713,"['3_strawberry_2_0', '3_strawberry_2_1']",,3.0,"beautiful strawberry, discoloration after merge",,,,"[{'done': True, 'rgbd_files_present': True, 'model_quality_acceptable': True, 'rgbd_quality_acceptable': True, 'ingredients_acceptable': True, 'comments': 'RGBD files: no unique-frame markers\nModel quality: slight post-merge discolorations which might impact the texture, to me it is still acceptable\n', 'model_merge_required': False, 'model_texture_required': True, 'accepted': True}]",,,
187,58,30da6372-9290-4a99-bf6b-5bef765070c6,string beans,green beans,pile of green bean peas,25.0,g,[],Project11272023164444,['58_greenbeans_1'],"['IMG_7210', 'IMG_7211']",3.0,"just one scan, good texturing, and is clear even with the sauce",True,16:34:39,16:54:12,"[{'done': True, 'rgbd_files_present': True, 'model_quality_acceptable': True, 'rgbd_quality_acceptable': True, 'ingredients_acceptable': True, 'comments': 'RGBD files: very good\nModel quality:  very good\n', 'model_merge_required': False, 'model_texture_required': True, 'accepted': True}]","['IMG_7217', 'IMG_7218', 'IMG_7219', 'IMG_7220', 'IMG_7221']",True,
191,44,e9db1d42-052f-4f0a-8dc4-fd5d8264c8f8,yeast breads,yeast bread,"whole loaf of sourdough bread, round in shape",659.0,g,[],Project11052023161736,"['44_yeastbread_2_0', '44_yeastbread_2_1']",['IMG_6928'],3.0,"great scans and merge, minor discolouration ring (high contrast) around base, but very recognizable",,14:41:12,16:28:53,"[{'done': True, 'rgbd_files_present': True, 'model_quality_acceptable': True, 'rgbd_quality_acceptable': True, 'ingredients_acceptable': True, 'comments': 'RGBD files: very good\nModel quality:  very good\n', 'model_merge_required': False, 'model_texture_required': True, 'accepted': True}]",,,
198,24,37f8200b-431f-4d0b-aa0f-22154694e2ea,other vegetables and combinations,avocado,,188.0,g,,Project10082023181846,[],['IMG_4044'],3.0,common discoloration but no issues with the mesh integrity,,17:40:14,18:26:10,"[{'done': True, 'rgbd_files_present': True, 'model_quality_acceptable': True, 'rgbd_quality_acceptable': True, 'ingredients_acceptable': True, 'comments': 'RGBD files: very good\nModel quality:  very good\n', 'model_merge_required': False, 'model_texture_required': True, 'accepted': True}]",,,
201,33,198dcc3a-5ed0-47aa-943e-d845390644f4,poultry,chicken wing,detached chicken wing from roasted chicken,53.0,g,,Project10222023161146,"['33_chickenwing_0_0', '33_chickenwing_0_1']",['IMG_6834'],3.0,"great, some holes left unfilled because of gap",,16:06:35,16:24:47,"[{'done': True, 'rgbd_files_present': True, 'model_quality_acceptable': True, 'rgbd_quality_acceptable': True, 'ingredients_acceptable': True, 'comments': 'RGBD files: very good\nModel quality:  very good\n', 'model_merge_required': False, 'model_texture_required': True, 'accepted': True}]",,,
203,6,4d0cd7b0-20c8-497c-99f1-0df4cdba2f6e,cookies and brownies,brownie,very tasty,103.0,g,,Project09172023155228,"['6_brownie_1_0', '6_brownie_1_1']",,3.0,very high quality,,15:51:03,15:59:56,"[{'done': True, 'rgbd_files_present': True, 'model_quality_acceptable': True, 'rgbd_quality_acceptable': False, 'ingredients_acceptable': True, 'comments': 'RGBD files: do not represent all sides of the object! Very disappointing!\nModel quality: great.\n', 'model_merge_required': False, 'model_texture_required': True, 'accepted': False}]",,,
204,35,7f5ab4b3-7147-4b9d-bcb7-fd0c08d195a5,poultry,chicken tender,"cut from whole chicken, no skin",30.0,g,,,"['35_chickentender_1_0', '35_chickentender_1_1']",['IMG_6874'],3.0,"one-click edited, shape and texture good, need to merge on meshlab",False,17:57:48,18:22:05,"[{'done': True, 'rgbd_files_present': True, 'model_quality_acceptable': True, 'rgbd_quality_acceptable': True, 'ingredients_acceptable': True, 'comments': 'RGBD files: very good\nModel quality:  requires merging\n', 'model_merge_required': True, 'model_texture_required': True, 'accepted': False}]",,,
206,6,c098e840-d07c-4cbb-a78c-62f9f1461b43,cookies and brownies,brownie,very tasty,104.0,g,,Project09172023154111,"['6_brownie_0_0', '6_brownie_0_1']",,3.0,very high quality,,15:42:38,15:49:32,"[{'done': True, 'rgbd_files_present': True, 'model_quality_acceptable': True, 'rgbd_quality_acceptable': False, 'ingredients_acceptable': True, 'comments': 'RGBD files: only 3 sides of the brownie represented on the video,\nthis is also one of those samples without unique-frame markers\nModel quality: great\n', 'model_merge_required': False, 'model_texture_required': True, 'accepted': False}]",,,
207,35,4de322d3-efdb-4711-b8de-1d2514683077,poultry,chicken tender,"cut from whole chicken, no skin",38.0,g,,Project10232023180304,"['35_chickentender_0_0', '35_chickentender_0_1']",['IMG_6874'],3.0,"one-click edited, shape and texture good, need to merge on meshlab",False,17:56:56,18:13:17,"[{'done': True, 'rgbd_files_present': True, 'model_quality_acceptable': True, 'rgbd_quality_acceptable': True, 'ingredients_acceptable': True, 'comments': 'RGBD files: very good\nModel quality:  requires merging\n', 'model_merge_required': True, 'model_texture_required': True, 'accepted': False}]",,,
208,33,904fd2e4-71fc-4501-84f0-e7f656ee4c18,poultry,chicken wing,detached chicken wing from roasted chicken,48.0,g,,Project10222023162457,"['33_chickenwing_1_0', '33_chickenwing_1_1']",['IMG_6834'],3.0,"representative chicken wing with detail, some holes left unfilled because of gaps",,16:08:13,16:33:59,"[{'done': True, 'rgbd_files_present': True, 'model_quality_acceptable': True, 'rgbd_quality_acceptable': True, 'ingredients_acceptable': True, 'comments': 'RGBD files: very good\nModel quality:  very good\n', 'model_merge_required': False, 'model_texture_required': True, 'accepted': True}]",,,
213,31,e07dad32-bca9-493a-9ad6-5d946be57e05,poultry,whole chicken,"BBQ Seasoned Family Sized Chicken, Hot 1kg",992.0,g,[],Project10282023152827,"['31_chicken_2_0', '31_chicken_2_1']","['IMG_6892', 'IMG_6893']",2.0,merged scan has multiple lighting and colours of each scan,,15:21:03,16:51:54,"[{'done': True, 'rgbd_files_present': True, 'model_quality_acceptable': False, 'rgbd_quality_acceptable': True, 'ingredients_acceptable': True, 'comments': 'RGBD files: very good\nModel quality: borderline accept, a bit porous but representative\nof a whole chicken\n', 'model_merge_required': False, 'model_texture_required': True, 'accepted': False}]",,,
216,44,e6972bc3-8e69-4197-83aa-6b3500366ec6,yeast breads,yeast bread,"one slice of italian-style crispy yeast bread, oblong in shape",43.0,g,[],Project11052023163139,"['44_yeastbread_3_0', '44_yeastbread_3_1']",['IMG_6926'],3.0,"great texture on bread slice, but some minor shadows on crust",,16:00:30,16:38:50,"[{'done': True, 'rgbd_files_present': True, 'model_quality_acceptable': True, 'rgbd_quality_acceptable': True, 'ingredients_acceptable': True, 'comments': 'RGBD files: very good\nModel quality:  very good\n', 'model_merge_required': False, 'model_texture_required': True, 'accepted': True}]",,,
219,58,dc39ef88-c3f1-4352-8d34-24e3d5fecdfa,string beans,green beans,summer sweet peas in a bowl,22.0,g,[],Project11272023162716,['58_greenbeans_0'],"['IMG_7210', 'IMG_7211']",2.0,"just one scan, good overall scan, not as clear when filling in the holes for the bowl",True,16:11:04,16:51:54,"[{'done': True, 'rgbd_files_present': True, 'model_quality_acceptable': True, 'rgbd_quality_acceptable': True, 'ingredients_acceptable': True, 'comments': 'RGBD files: very good\nModel quality:  very good\n', 'model_merge_required': False, 'model_texture_required': True, 'accepted': True}]","['IMG_7212', 'IMG_7213', 'IMG_7214', 'IMG_7215', 'IMG_7216']",True,
223,37,a725df67-51fe-4b9c-b1af-7cb4f53e6f93,meats,pork ribs,"Half rack pork back ribs maple bacon, cold - single rib",54.0,g,[],Project11262023135644,"['37_porkribs_2_0', '37_porkribs_2_1']","['IMG_7129', 'IMG_7130']",3.0,"great scan, merged very well",True,13:57:38,14:12:04,"[{'done': True, 'rgbd_files_present': True, 'model_quality_acceptable': True, 'rgbd_quality_acceptable': True, 'ingredients_acceptable': True, 'comments': 'RGBD files: very good\nModel quality:  very good\n', 'model_merge_required': False, 'model_texture_required': True, 'accepted': True}]","['IMG_7132', 'IMG_7133', 'IMG_7134', 'IMG_7135', 'IMG_7136', 'IMG_7137']",False,
225,34,e5dc5909-156c-4d8a-937f-9edd38aa5154,poultry,chicken breast,skin on chicken breast detached from roasted whole chicken,157.0,g,,Project10222023171457,"['34_chickenbreast_1_0', '34_chickenbreast_1_1']",['IMG_6834'],2.0,good top and bottom scans but merge left unwanted gaps. Heavy colour uneveness.,,16:59:42,17:24:32,"[{'done': True, 'rgbd_files_present': True, 'model_quality_acceptable': True, 'rgbd_quality_acceptable': True, 'ingredients_acceptable': True, 'comments': 'RGBD files: very good\nModel quality:  very good\n', 'model_merge_required': False, 'model_texture_required': True, 'accepted': True}]",,,
226,52,ce928754-4263-46da-b2dd-cd3688556ebd,tortilla and corn chips,tortilla and corn chips,single Fritos original corn chip,2.0,g,[],Project11192023160951,"['52_tortillacornchips_3_0', '52_tortillacornchips_3_1']",['IMG_7099'],3.0,good quality and textured scans but couldn't merge properly,False,15:42:39,16:20:52,"[{'done': True, 'rgbd_files_present': True, 'model_quality_acceptable': True, 'rgbd_quality_acceptable': True, 'ingredients_acceptable': True, 'comments': 'RGBD files: very good\nModel quality:  requires merging\n', 'model_merge_required': True, 'model_texture_required': True, 'accepted': False}]","['IMG_7105', 'IMG_7106', 'IMG_7107', 'IMG_7108', 'IMG_7109', 'IMG_7110']",True,
228,10,c33c6874-4980-40b6-b904-260c701c8471,tomatoes (slice),tomato slice,"A single tomato slice, about 2.5 cm thick at the peel, and converging to an apex at the tomato core. Placed in grey bowl.",19.0,g,,Project09242023161000,"['10_tomato_0_0', '10_tomato_0_1']",['IMG_3966'],3.0,"good scan of tomato, lacks a bit of texture however. Backside of bowl is missing.",,14:54:54,16:16:52,"[{'done': True, 'rgbd_files_present': False, 'model_quality_acceptable': False, 'rgbd_quality_acceptable': True, 'ingredients_acceptable': True, 'comments': 'RGBD files: not present, could have been lost at sync\nModel quality: overally good but the hole at the bottom of the bowl needs to be \nfilled in before we accept this\n', 'model_merge_required': False, 'model_texture_required': True, 'accepted': False}]",,,
230,22,35a11a80-68bb-421b-a1b3-2683beb819d6,broccoli,broccoli,whole bunch of raw broccoli,299.0,g,,Project10082023145911,"['22_broccoli_1_0', '22_broccoli_1_1']",['IMG_4041'],3.0,representative broccoli with sufficient detail. Caveat: many smaller holes were filled + colour irregularities.,,14:22:08,15:22:56,"[{'done': True, 'rgbd_files_present': True, 'model_quality_acceptable': True, 'rgbd_quality_acceptable': True, 'ingredients_acceptable': True, 'comments': 'RGBD files: very good\nModel quality: very good\n', 'model_merge_required': False, 'model_texture_required': True, 'accepted': True}]",,,
